nazev;adresa;kategorie
U Starýho Billa;Kudelova 1853/5, Brno;restaurace
Pizza Coloseum Brno;Vídeňská 223/1, Brno;restaurace
Monte Bú;Údolní 532/76, Brno;restaurace
Linden Restaurant & Pension;Mácova 188/5, Brno;restaurace
Ristorante Piazza;náměstí Svobody 702/9, Brno;restaurace
Bistro Marináda Store;Jiráskova třída 220/15, Brno;restaurace
Bistro Ocean48;Palackého třída 704/13, Brno;restaurace
Mori Restaurant & Lounge;Česká 142/29, Brno;restaurace
Koishi fish & sushi;Údolní 326/11, Brno;restaurace
La Famiglia;Údolní 306/4, Brno;restaurace
Steakový a pivní bar Pod Lékárnou BRNO;Slovákova 350/1, Brno;restaurace
Amici Bistro & Delivery;Palackého třída 82, Brno;restaurace
Soul Bistro;Jezuitská 7/10, Brno;restaurace
Bistro Napoli;Jundrovská 43, Brno;restaurace
Steakhouse K1;Bubeníčkova 11, Brno;restaurace
Jean Paul's;Běhounská 4, Brno;restaurace
Bistro na osmičce;Merhautova 431/8, Brno;restaurace
Suzie's Steak pub;Kounicova 681/10, Brno;restaurace
Pizzerie Ratejna;Dvořákova 588/13, Brno;restaurace
Sushi-Miomi restaurant Brno;Holandská 10, Brno;restaurace
Tusto Titanium;Nové sady 996/25, Brno;restaurace
Ristorante e Pizzeria Leonessa;Sukova 553/2, Brno;restaurace
Gyros Taverna Athena;Štefánikova 71/4, Brno;restaurace
Wang Running sushi;Jánská 453/9, Brno;restaurace
Pizzerie Domazzi;Vodní 258/13, Brno;restaurace
Pizzerie Gazebo;Merhautova 977/101, Brno;restaurace
Modrá růže - Pivní a steakový bar;Kounicova 2, Brno;restaurace
Bistro La Speranza;Lidická 32, Brno;restaurace
Kavárna Pole;Durďákova 5, Brno;restaurace
Sushi bar Tanuki;Příkop 4, Brno;restaurace
Centrum SPORTMAX;Štouračova 1154/1a, Brno;restaurace
Pizzerie a restaurace Tora;Solniční 239/11, Brno;restaurace
Snackbar Adria;Masarykova 427/31, Brno;restaurace
Babinský bistro;Špilberk 210/1 , Brno;restaurace
Bistro La Canttina;Dukelská 80, Brno;restaurace
Bistro Buddy st.23;Libušina tř. 23, Brno;restaurace
Bistro Love Patatas;Běhounská 20, Brno;restaurace
Pizzerie Verona;Ondrova 13/21, Brno;restaurace
Bistro Plac;Kounicova 73, Brno;restaurace
Bistro Soupárna;Údolní 51, Brno;restaurace
MyRaw Food bistro;Komárovská 351/11, Brno;restaurace
Bistro Andini;Pekárenská 330/12, Brno;restaurace
Pastificio;Zelný trh 14-16, Brno;restaurace
Pizzapunk;Jana Uhra 6/6, Brno;restaurace
Restaurant Don Papa;Nad Přehradou 9, Brno;restaurace
Botanic Bar & Bistro;Botanická 19, Brno;restaurace
Jean Paul's bistro;Zelný trh 14, Brno;restaurace
Bistro kavárna U mlsných koček;Minská 41, Brno;restaurace
Little Saigon Brno;Špitálka 124/37, Brno;restaurace
Bistro 22;Purkyňova 125, Brno;restaurace
Red Piranha;Puškinova 1, Brno;restaurace
Garden Food Concept;Kounicova 39, Brno;restaurace
Doe Boy;Štefánikova 108/39, Brno;restaurace
Pizzerie Viva;Králova 1, Brno;restaurace
