vinarny,adresa,kategorie
Restaurace a vinárna Baroko,"Orlí 469/17, Brno",vinarna
Vinárna Perkmistr,"Dusíkova 910/17, Brno",vinarna
Restaurace a vinárna Kabaret Špaček,"Kopečná 326/46 , Brno",vinarna
Gyros Taverna Athena,"Štefánikova 71/4, Brno",vinarna
Vinárna Vinný sklípek - Orlí,"Orlí 483/1, Brno",vinarna
Vinárna Jean Paul Vrchlického,"Vrchlického sad 1893/3, Brno",vinarna
Vinárna Vinárium,"Starobrněnská 13, Brno",vinarna
Vinárna Rovensklípek Brno,"K sídlišti 773/2 čtvrť Brno-Chrlice 643 00 , Brno",vinarna
Vinárna Vinná Galerie,"Lužánecká 1891/16, Brno",vinarna
Žíznivá vinotéka,"Marešova 14, Brno",vinarna
Vinotéka U Tří knížat,"Jánská 12, Brno",vinarna
Vinárna a bar Tropican,"Kapucínské nám. 6, Brno",vinarna
Vinotéka Svoboda,"Táborská 460/51, Brno",vinarna
Vinotéka Infinite,"Štefánikova 51, Brno",vinarna
JustWINE bar & shop Zahradníkova,"Zahradníkova 28/28, Brno",vinarna
Vinotéka U rybníčku,"Štefánikova 19a, Brno",vinarna
Vinotéka Livino,"Říčanská 1290/7, Brno",vinarna
JustWINE bar & shop Dvořákova 1,"Dvořákova 1/1, Brno",vinarna
