 4Comfort;Fryèajova 698/29
Království krásy, wellness Brno;Masarykova 430
Lázeòské a relaxaèní centrum Rašínova;Rašínova 643/12
Privátní wellness v centru Brna;Masarykova 430/25
"Hotel Maximus Resort"""; Hrázní 327/4a, 635 00 Brno-Knínièky
Wellness Hotel Orion Brno;Majdalenky 885/10, 638 00 Brno-sever
Infinit Maximus Brno;Hrázní 327/4a
ELITE Wellness & Fitness centrum;Husova 200
Wellness Böhmova, Sauna;Böhmova 2047/11
Finskasauna.cz ® sauny a wellness | Brno Oc H-park;Heršpická 1009/11c
Wellness Centrum Santon;Pøístavní 1064
Wine Wellness Hotel Centro;Husova 255
AVANTI Hotel;Støední 61, 602 00 Brno-Královo Pole
Fitness club ZONE4YOU;11, tø. Gen. Píky 2026
eFi Hotel;Bratislavská 234/52, 602 00 Brno-støed
Finskasauna.cz ® sauny a wellness | Brno centrala a vzorkovna a sklad;Hnìvkovského 30
Saunia LETMO Brno;2a, Nádražní 681
WELLNESS FOR LOVE;P. Bezruèe 203
Hotel Rakovec;Rakovecká 1335, 635 00 Brno-Bystrc
Wellness masáže Brno-Lesná - Vladimír Hartinger;Blažkova 18
